<?xml version="1.0" encoding="UTF-8"?>
<!--
To change this license header, choose License Headers in Project Properties.
To change this template file, choose Tools | Templates
and open the template in the editor.
-->

<web-app>
    
    <servlet-name>Search</servlet-name>
    <servlet-class>/Search</servlet-class>
    </servlet>
    <servlet-mapping>
        <servlet-name>Search</servlet-name>
        <url-pattern>/Search</url-pattern>
    </servlet-mapping>
    
    <servlet-name>Register</servlet-name>
    <servlet-class>/Register</servlet-class>
    </servlet>
    <servlet-mapping>
        <servlet-name>Register</servlet-name>
        <url-pattern>/Register</url-pattern>
    </servlet-mapping>
    
    <servlet-name>Update</servlet-name>
    <servlet-class>/Update</servlet-class>
    </servlet>
    <servlet-mapping>
        <servlet-name>Update</servlet-name>
        <url-pattern>/Update</url-pattern>
    </servlet-mapping>
    
    <servlet-name>Delete</servlet-name>
    <servlet-class>/Delete</servlet-class>
    </servlet>
    <servlet-mapping>
        <servlet-name>Delete</servlet-name>
        <url-pattern>/Delete</url-pattern>
    </servlet-mapping>
</web-app>
